Count,Word
119,box
115,book
111,title
111,black
104,silver
85,white
80,wooden
79,blue
69,framed
65,red
61,gold
55,two
54,leather
51,president
50,presentation
48,set
45,presented
42,green
40,painting
40,brown
37,depicting
37,glass
34,made
34,one
33,obama
31,case
30,design
29,vase
29,top
28,four
27,wood
27,base
27,bowl
27,silk
26,entitled
26,large
24,sculpture
24,three
23,floral
23,pen
22,small
22,bag
21,display
20,bronze
19,porcelain
19,crystal
19,pattern
19,frame
19,tall
18,engraved
18,bottles
17,yellow
16,photograph
16,metal
16,wine
16,rug
15,gold-colored
15,containing
15,cufflinks
15,carrying
15,portrait
15,plaque
15,statue
15,five
14,diameter
14,painted
14,velvet
14,plate
14,table
14,photo
14,six
13,including
13,united
13,jersey
13,lid
12,decorated
12,picture
12,purple
12,carved
12,signed
12,boxes
12,scene
12,cloth
12,stand
12,dark
12,tie
11,inscription
11,sterling
11,polished
11,american
11,front
11,image
11,tray
11,tea
10,colored
10,witcher
10,ceramic
10,handle
10,basket
10,states
10,artist
10,summit
10,soccer
10,shape
10,beige
10,brass
10,books
10,print
10,first
10,board
10,gray
10,seal
10,man
9,personalized
9,traditional
9,decorative
9,contained
9,briefcase
9,circular
9,matching
9,designs
9,color
9,shawl
9,piece
9,visit
9,king
9,face
9,flag
9,dvd
8,calligraphy
8,hardcover
8,facsimile
8,fountain
8,marble
8,pieces
8,bottle
8,album
8,irish
8,royal
8,clock
8,head
8,cup
8,oil
8,art
7,collection
7,miniature
7,inscribed
7,authored
7,obama's
7,mounted
7,stripes
7,artwork
7,jacket
7,copper
7,colors
7,flower
7,coffee
7,woman
7,peace
7,cream
7,birds
7,steel
7,shirt
7,house
7,round
7,horse
7,woven
7,stone
7,coin
7,golf
7,team
7,navy
7,band
7,pot
6,silver-colored
6,leather-bound
6,commemorating
6,basketball
6,embroidery
6,australian
6,featuring
6,malaysia
6,includes
6,national
6,pedestal
6,handles
6,scented
6,flowers
6,letter
6,fabric
6,holder
6,candle
6,canvas
6,orange
6,matted
6,twelve
6,scroll
6,palace
6,bottom
6,images
6,style
6,panel
6,prime
6,men's
6,dates
6,trunk
6,scarf
6,india
6,pink
6,teal
6,apec
6,cups
6,bust
6,felt
6,gift
6,tree
6,leaf
6,city
6,wool
6,lock
6,day
5,photographs
5,silver-tone
5,gold-plated
5,geometric
5,paperback
5,churchill
5,stainless
5,keepsake
5,minister
5,handmade
5,enclosed
5,republic
5,patterns
5,mountain
5,interior
5,titanium
5,america
5,blanket
5,serving
5,lincoln
5,samsung
5,candles
5,turkish
5,bicycle
5,booklet
5,beaded
5,ornate
5,barack
5,shirts
5,people
5,square
5,relief
5,mother
5,gandhi
5,custom
5,mosaic
5,chest
5,medal
5,cover
5,batik
5,state
5,water
5,queen
5,great
5,trees
5,world
5,china
5,chess
5,olive
5,motif
5,side
5,star
5,lady
5,game
5,jug
5,tan
5,men
4,limited-edition
4,silver-plated
4,president's
4,susgallery
4,magnifying
4,ceremonial
4,octagonal
4,indonesia
4,november
4,business
4,cashmere
4,calendar
4,creative
4,embossed
4,attached
4,burgundy
4,shamrock
4,metallic
4,playing
4,abraham
4,etching
4,platter
4,antique
4,ottoman
4,accents
4,glasses
4,looking
4,granite
4,lacquer
4,replica
4,william
4,striped
4,storage
4,covered
4,meissen
4,mahatma
4,chinese
4,kingdom
4,border
4,detail
4,stones
4,maroon
4,inside
4,sheath
4,collar
4,stamps
4,golden
4,emblem
4,pewter
4,galaxy
4,brazil
4,camels
4,around
4,across
4,reads
4,sides
4,eagle
4,flags
4,sword
4,ebony
4,japan
4,asean
4,dress
4,pearl
4,shell
4,cases
4,stick
4,items
4,louis
4,watch
4,north
4,lapis
4,paper
4,using
4,unita
4,life
4,pure
4,long
4,like
4,sets
4,logo
4,held
4,wide
4,legs
4,food
4,grey
4,palm
4,cast
4,oxen
4,xvi
4,pin
4,jar
4,usb
4,tab
3,mother-of-pearl
3,cream-colored
3,handkerchiefs
3,multi-colored
3,gold-painted
3,multicolored
3,independence
3,handcrafted
3,accompanied
3,azerbaijani
3,hand-carved
3,instrument
3,surrounded
3,phrenology
3,wristwatch
3,watercolor
3,background
3,historical
3,monochrome
3,describing
3,senegalese
3,headphones
3,ballpoint
3,landscape
3,christmas
3,sapphires
3,engraving
3,singapore
3,accessory
3,portfolio
3,interview
3,signature
3,comprised
3,gold-tone
3,baccarat
3,bordered
3,georgian
3,spinning
3,suriname
3,stringed
3,computer
3,shanghai
3,features
3,benedict
3,algerian
3,mahogany
3,abstract
3,products
3,distance
3,etchings
3,heritage
3,filigree
3,football
3,shoulder
3,shahmina
3,digital
3,volumes
3,jewelry
3,wearing
3,figures
3,letters
3,history
3,written
3,company
3,hanging
3,plastic
3,gilbert
3,printed
3,pockets
3,leaders
3,italian
3,stamped
3,unknown
3,edition
3,drawing
3,burlap
3,plated
3,titled
3,marian
3,figure
3,tablet
3,leaves
3,africa
3,walnut
3,carpet
3,scenes
3,straps
3,mexico
3,family
3,panels
3,desert
3,temple
3,modern
3,lazuli
3,prints
3,shaped
3,center
3,pencil
3,raised
3,brunei
3,martin
3,inlaid
3,model
3,aztec
3,candy
3,donor
3,video
3,eight
3,latch
3,lapel
3,solar
3,radio
3,along
3,light
3,knife
3,bowls
3,resin
3,fine
3,mask
3,ties
3,high
3,tone
3,boat
3,nine
3,knob
3,card
3,full
3,bird
3,polo
3,copy
3,dvds
3,clay
3,text
3,ipad
3,neck
3,tote
3,year
3,mini
3,port
3,mugs
3,hand
3,ball
3,moon
3,ten
3,map
3,del
3,don
3,tin
3,rio
3,u.s
3,ink
3,bow
2,bronze-colored
2,informational
2,commemorative
2,international
2,presidential
2,hand-crafted
2,compartments
2,reproduction
2,hand-painted
2,handkerchief
2,checkerboard
2,representing
2,anniversario
2,kente-style
2,commemorate
2,declaration
2,candlestick
2,centerpiece
2,combination
2,embroidered
2,certificate
2,decorations
2,autographed
2,anniversary
2,distributor
2,three-piece
2,upholstered
2,discovered
2,hand-woven
2,azerbaijan
2,containers
2,stationery
2,decoration
2,iridescent
2,electronic
2,anderson's
2,paderewski
2,darussalam
2,chocolates
2,hand-blown
2,napolitano
2,gemstones
2,shamrocks
2,australia
2,mauritius
2,jerusalem
2,detailing
2,trimmings
2,container
2,patrick's
2,champagne
2,imprinted
2,medallion
2,simulated
2,montblanc
2,statuette
2,cardboard
2,ornaments
2,francesco
2,shoulders
2,craftsmen
2,anthology
2,cloisonne
2,lacquered
2,sapkowski
2,suspended
2,telegram
2,24-carat
2,benjamin
2,abdullah
2,textured
2,archives
2,precious
2,figurine
2,assorted
2,bookmark
2,striking
2,tunisian
2,fujifilm
2,night—in
2,tapestry
2,keychain
2,multiple
2,gemstone
2,franklin
2,garabagh
2,detailed
2,infinity
2,greatest
2,family's
2,pictures
2,kilogram
2,european
2,diamonds
2,original
2,booklets
2,insignia
2,notebook
2,zubrowka
2,personal
2,drawings
2,crescent
2,bavarian
2,graham's
2,marquez
2,israeli
2,paddles
2,gabriel
2,setting
2,sticker
2,profile
2,charles
2,reading
2,various
2,housing
2,balance
2,majesty
2,ancient
2,eduardo
2,tibetan
2,quilted
2,stories
2,quixote
2,antonio
2,buttons
2,amharic
2,dynasty
2,kramski
2,winston
2,finepix
2,pendant
2,cutting
2,acrylic
2,natural
2,writing
2,culture
2,african
2,related
2,wrapped
2,tassels
2,zippers
2,harvest
2,kremlin
2,jimenez
2,listing
2,fuchsia
2,corners
2,theater
2,carving
2,version
2,patrick
2,infuser
2,oration
2,bedouin
2,animals
2,tiffany
2,mexican
2,century
2,outside
2,knotted
2,walking
2,symbols
2,classic
2,fifteen
2,india's
2,ireland
2,caravan
2,songket
2,myanmar
2,andrzej
2,giorgio
2,nations
2,sleeves
2,stefano
2,etched
2,cloths
2,global
2,cotton
2,poetry
2,dagger
2,sheets
2,travel
2,finish
2,heroes
2,zipper
2,snacks
2,screen
2,player
2,falcon
2,opener
2,symbol
2,fringe
2,nature
2,dupont
2,animal
2,covers
2,enamel
2,office
2,france
2,putter
2,horses
2,hinged
2,lamb's
2,celtic
2,single
2,rubber
2,facial
2,curtis
2,stripe
2,thread
2,wicker
2,easter
2,afghan
2,plinth
2,italia
2,chopin
2,shapes
2,hermes
2,german
2,hiking
2,cigars
2,golfer
2,camera
2,tombac
2,common
2,teapot
2,sketch
2,arabic
2,truman
2,wreath
2,jordan
2,author
2,pocket
2,brioni
2,within
2,making
2,votive
2,karat
2,short
2,truth
2,lined
2,stars
2,fiber
2,czech
2,blade
2,valor
2,roman
2,works
2,qatar
2,ricci
2,floor
2,cards
2,inlay
2,quote
2,boots
2,extra
2,seven
2,wheel
2,suede
2,clear
2,words
2,franz
2,cigar
2,heads
2,angel
2,lines
2,women
2,label
2,delhi
2,atlas
2,group
2,greek
2,strap
2,stamp
2,power
2,anzus
2,poems
2,beach
2,child
2,bound
2,south
2,inset
2,priyo
2,crest
2,tirta
2,globe
2,amber
2,cable
2,human
2,vases
2,inner
2,irons
2,dated
2,vines
2,linen
2,tunic
2,beads
2,ships
2,brand
2,marat
2,knots
2,lotus
2,kenya
2,sugar
2,plant
2,yeats
2,view
2,suit
2,jali
2,mats
2,dial
2,sari
2,sash
2,harp
2,half
2,19th
2,disc
2,mint
2,robe
2,back
2,rene
2,iwan
2,arms
2,club
2,feet
2,rose
2,asia
2,fred
2,nals
2,iron
2,east
2,wall
2,lids
2,ring
2,bath
2,64gb
2,desk
2,tang
2,oval
2,expo
2,pair
2,madi
2,bone
2,tied
2,dish
2,dogs
2,gilt
2,casa
2,real
2,s.t
2,dog
2,hat
2,old
2,key
2,rim
2,tip
2,new
2,b.o
2,mat
2,end
2,san
2,neo
2,g20
1,people—commemorative
1,palestinian-american
1,title:courage
1,title:sinatra.glass
1,blackened-aluminum
1,private-collection
1,historiesandvolume
1,jonathan—champion
1,secretary-general
1,chocolate-covered
1,title:16.circular
1,renaissance-style
1,christian-islamic
1,shakespeare
1,autobiography—the
1,milicias/memoirs
1,sriratchatchawan
1,jaeger-lecoultre
1,lightly-colored
1,special-edition
1,white-patterned
1,double-breasted
1,title:malacanan
1,black-and-white
1,bali—indonesia
1,constitutional
1,leather-topped
1,reciclaje.book
1,sustainability
1,opportunidades
1,follow-through
1,ruby-encrusted
1,diamond-shaped
1,congratulating
1,silver-covered
1,amber-colored
1,silver-tinted
1,faber-castell
1,capitulations
1,metal-covered
1,circumference
1,florence-made
1,irrastreables
1,ivory-colored
1,three-quarter
1,float-mounted
1,title:acuerdo
1,dragon-shaped
1,duradera.book
1,tribes-people
1,autobiography
1,title:peacock
1,actualizacion
1,golden-framed
1,silver-coated
1,candleholders
1,alphabetical
1,temperatures
1,accompanying
1,hand-written
1,authenticity
1,certificates
1,blue-striped
1,vicuna-brown
1,explanations
1,paratroopers
1,montecavallo
1,hard-plastic
1,broad-bladed
1,declarations
1,title:madrid
1,commissioned
1,publications
1,then-senator
1,lacquer-ware
1,panchatantra
1,significance
1,construccion
1,philadelphia
1,hummingbirds
1,interweaving
1,castro.music
1,contemporary
1,semiprecious
1,me
1,fischmeister
1,title:ottawa
1,preservation
1,proclamation
1,high-quality
1,colon—puesta
1,rindlisacher
1,constitution
1,staropolskie
1,title:teatro
1,three-legged
1,innervisions
1,title:polska
1,thanksgiving
1,cross-stitch
1,photographic
1,side-by-side
1,monogrammed
1,distinction
1,mauritius—a
1,lithographs
1,instruction
1,bronze-tone
1,experiments
1,testimonios
1,crecimiento
1,mancha.book
1,constituent
1,wakasa-nuri
1,reflections
1,rashtrapati
1,encantadora
1,bestselling
1,articulated
1,chronometer
1,compartment
1,approaching
1,terminacion
1,weatherford
1,kubyauk-gyi
1,leatherette
1,netherlands
1,pocketwatch
1,bird-shaped
1,hand-etched
1,shakespeare
1,bodhisattva
1,secretary's
1,palestinian
1,red-colored
1,millimeters
1,thinkashmir
1,tecnologica
1,twenty-nine
1,gold-inlaid
1,hollywood's
1,arte—puesta
1,cricklewood
1,cylindrical
1,gilt:volume
1,positioning
1,rectangular
1,coordinates
1,button-down
1,gas-powered
1,explanation
1,yusgiantoro
1,title:taste
1,electrobras
1,floral/leaf
1,earthenware
1,significant
1,custom-made
1,batik-bound
1,oval-shaped
1,travertine
1,kilometers
1,fluminenso
1,kazakhstan
1,rashtrapti
1,ecosystems
1,shortbread
1,parliament
1,fastenings
1,portraying
1,squandered
1,detachable
1,chessboard
1,semarangan
1,indigenous
1,cancelling
1,revolution
1,footprints
1,maple-wood
1,polychrome
1,bioethical
1,presidency
1,presidents
1,encyclical
1,millennium
1,cable-knit
1,hand-drawn
1,tsavorites
1,juxtaposed
1,eisenhower
1,lithograph
1,receptacle
1,gwynbleioo
1,recordings
1,individual
1,providence
1,fiorentina
1,prefecture
1,backgammon
1,harmonious
1,federative
1,paraguayan
1,friendship
1,handcarved
1,indonesian
1,government
1,foreground
1,federativa
1,corruption
1,simulating
1,three-wick
1,wristbands
1,celebrated
1,silk-floss
1,bucephalus
1,conference
1,literature
1,structures
1,enchanting
1,silvertone
1,polynesian
1,depictions
1,christolfe
1,attributed
1,solidarity
1,chiffchaff
1,mechanical
1,apothecary
1,desarrollo
1,parlamento
1,pontificio
1,silverware
1,procession
1,stonehenge
1,greenstone
1,crisscross
1,drawstring
1,karamchard
1,title:raul
1,multicolor
1,gaul-roman
1,attendants
1,engravings
1,oireachtas
1,excellency
1,addressing
1,philosophy
1,protective
1,horizontal
1,cambodia's
1,corkscrew
1,fahrettin
1,bathrobes
1,professor
1,documents
1,formatted
1,automatic
1,canisters
1,sculpting
1,archimede
1,snakeskin
1,smoothing
1,geoghegan
1,varnished
1,catalonia
1,barcelona
1,o'connell
1,johnstons
1,scalloped
1,ireland's
1,different
1,directons
1,haciendas
1,monuments
1,computers
1,consulate
1,olympikus
1,gathering
1,messaggio
1,beautiful
1,limestone
1,stoneware
1,countries
1,collected
1,lettering
1,title:the
1,artwork's
1,miserando
1,snowflake
1,removable
1,officials
1,sailboats
1,audubon's
1,hammurabi
1,magnifica
1,primarily
1,paintings
1,cardstock
1,pakistani
1,francisco
1,published
1,colombian
1,lafayette
1,turquoise
1,cartridge
1,pheasants
1,spherical
1,cityscape
1,listening
1,blue-gray
1,brazilian
1,structure
1,off-white
1,stitching
1,eleuterio
1,technique
1,palabahçe
1,lithuania
1,brasil/15
1,longboard
1,christian
1,alexander
1,hindmarch
1,handwoven
1,ethiopian
1,fisherman
1,depiction
1,parchment
1,photobook
1,selection
1,uncharted
1,figurines
1,hand-made
1,releasing
1,specially
1,republica
1,malacanan
1,myung-bak
1,jordanian
1,alongside
1,rebellion
1,hand-knit
1,hiroshima
1,elaborate
1,encrusted
1,velha/the
1,unsaddled
1,tolerance
1,authority
1,biography
1,restoring
1,innisfree
1,character
1,laminated
1,reviewing
1,jorgensen
1,oversized
1,september
1,headpiece
1,drinkware
1,divergent
1,questions
1,tragedies
1,red-brown
1,rodriguez
1,boundless
1,bracelets
1,billiards
1,ingenious
1,dragonfly
1,metalwork
1,mountains
1,hashemite
1,azer-ilme
1,azar-ilma
1,bethlehem
1,sebastiao
1,conflicto
1,movements
1,earphones
1,patterned
1,pictorial
1,vergennes
1,intricate
1,celebrate
1,condiment
1,coverings
1,cattleman
1,astrolabe
1,coca-cola
1,hexagonal
1,bonifanti
1,panettone
1,macadamia
1,soapstone
1,chocolate
1,water-dog
1,genericos
1,gingembre
1,scuplture
1,unbranded
1,envelopes
1,bountiful
1,bayanihan
1,chinaware
1,beginning
1,authentic
1,two-toned
1,trekking
1,initials
1,ceramics
1,botanica
1,baltista
1,striping
1,padfolio
1,historic
1,repoussé
1,horsemen
1,mushroom
1,l'italia
1,memorias
1,memoires
1,generale
1,election
1,pakistan
1,buddhist
1,six-book
1,brightly
1,footrest
1,baseball
1,carolina
1,praseart
1,drinking
1,medieval
1,material
1,japanese
1,zippered
1,document
1,lakeisle
1,collared
1,seagreen
1,suspends
1,friendly
1,elephant
1,fittings
1,coasters
1,mirrored
1,jamaican
1,outlined
1,treasury
1,six-inch
1,waterway
1,carvings
1,sphinxes
1,composed
1,clothing
1,ethiopia
1,10-karat
1,trinidad
1,d'italia
1,asuncion
1,goodluck
1,approach
1,miracles
1,everyday
1,marsabit
1,building
1,americas
1,rousseff
1,myinkaba
1,triangle
1,weighing
1,together
1,anderson
1,aluminum
1,nakamura
1,turkey's
1,wildness
1,alliance
1,centered
1,designer
1,peaceful
1,graphite
1,trailers
1,thoughts
1,training
1,baynihan
1,dogtooth
1,capitals
1,envelope
1,standing
1,assembly
1,mikimoto
1,espresso
1,military
1,philippe
1,diagonal
1,rotating
1,two-page
1,michelle
1,flavored
1,charcoal
1,pastoral
1,unlikely
1,sergeant
1,obsidian
1,canaan's
1,comedies
1,diffuser
1,goldtone
1,colorful
1,dignitas
1,personae
1,medvedev
1,illinois
1,monogram
1,pavilion
1,coloring
1,fastener
1,colonies
1,currency
1,carnegie
1,marilena
1,scottish
1,pashmina
1,opposite
1,spangled
1,mohandas
1,ornament
1,portable
1,veritate
1,moroccan
1,collages
1,supplies
1,cylinder
1,l'aquila
1,waldmann
1,marching
1,displays
1,designed
1,massager
1,aircraft
1,sargento
1,handling
1,electric
1,stickers
1,title:la
1,imperial
1,pivoting
1,borisova
1,peruvian
1,pineider
1,nalewski
1,pericles
1,kahalong
1,longines
1,attended
1,veterans
1,cordials
1,portugal
1,annuario
1,waterman
1,biscotti
1,mulberry
1,semarang
1,ruas/the
1,honoring
1,leader's
1,vaticano
1,satchels
1,ceremony
1,eligando
1,necklace
1,thailand
1,atlantis
1,decanter
1,universe
1,fryderyk
1,bulldogs
1,province
1,honorary
1,fanciful
1,barefoot
1,diviniti
1,portolan
1,sch-1800
1,arranged
1,contains
1,visconti
1,14-karat
1,charging
1,henricio
1,checkers
1,belleek
1,seating
1,rempart
1,purnomo
1,menapak
1,rosette
1,estable
1,journey
1,snap-on
1,charger
1,napkins
1,pouches
1,earth's
1,wedding
1,formula
1,diploma
1,tanmark
1,changed
1,falcons
1,vintage
1,cmielow
1,deadman
1,summits
1,varying
1,sailing
1,costume
1,holiday
1,minster
1,rastros
1,quimica
1,alchemy
1,phinisi
1,attacks
1,cookies
1,tequila
1,outfits
1,puppets
1,chalice
1,camillo
1,jamaica
1,pointed
1,marinha
1,blu-ray
1,carrier
1,chilean
1,thoreau
1,toppers
1,utensil
1,pottery
1,aurvana
1,unidade
1,gastone
1,iittala
1,holding
1,woodcut
1,celadon
1,chopard
1,stained
1,saroyan
1,samovar
1,vuitton
1,credece
1,capitol
1,folders
1,chateau
1,pyramid
1,luggage
1,posture
1,liquors
1,gravier
1,citrine
1,central
1,western
1,supreme
1,account
1,pontiff
1,attempt
1,batavus
1,memoirs
1,huseyin
1,meeting
1,laotian
1,holland
1,lighter
1,hussein
1,sliding
1,lacoste
1,labeled
1,soledad
1,allowed
1,egerman
1,divided
1,bauhaus
1,shuffle
1,neo-pop
1,magical
1,caritas
1,cheetah
1,muradov
1,rainbow
1,ferrari
1,passage
1,sherrin
1,trinket
1,peter's
1,gallery
1,toronto
1,penalty
1,mosaics
1,certain
1,skyline
1,enamels
1,carpets
1,encased
1,hartwig
1,general
1,shields
1,planner
1,satchel
1,chatham
1,saddled
1,archway
1,boliche
1,david's
1,statues
1,great's
1,raptors
1,verizon
1,compact
1,persian
1,olinalá
1,blossom
1,t-shirt
1,stuffed
1,toshito
1,scialli
1,terrain
1,beavers
1,dusting
1,indians
1,olympic
1,rearing
1,sparrow
1,goblets
1,liqueur
1,hidalgo
1,violets
1,title:i
1,binding
1,burmese
1,fringes
1,village
1,bicakci
1,interim
1,created
1,chief's
1,machado
1,scenery
1,couture
1,senator
1,sandals
1,genghis
1,weapons
1,singing
1,chicago
1,warm-up
1,journal
1,mustard
1,bambike
1,tapered
1,package
1,phoenix
1,ribbons
1,bottoms
1,almeida
1,british
1,voyages
1,pennant
1,surface
1,braided
1,ki-moon
1,showing
1,emperor
1,empress
1,sitting
1,estonia
1,numbers
1,kulwant
1,present
1,set:the
1,perched
1,working
1,resting
1,signing
1,beijing
1,benoise
1,tankard
1,hoglund
1,alfredo
1,adriana
1,necktie
1,kennedy
1,elegant
1,pitcher
1,obelisk
1,humidor
1,debates
1,inlayed
1,wonders
1,saucers
1,streets
1,menorah
1,delight
1,bahrain
1,poniard
1,brabant
1,console
1,bibenda
1,affixed
1,whiskey
1,janeiro
1,spirits
1,harmony
1,daniele
1,mangier
1,fontane
1,foliate
1,friends
1,january
1,gradual
1,lantern
1,botanic
1,saffron
1,justice
1,objects
1,morocco
1,anthony
1,dollars
1,penguin
1,militia
1,funeral
1,policia
1,perfect
1,clothed
1,closure
1,circles
1,governo
1,handbag
1,roughly
1,swedish
1,nesting
1,sweater
1,pitched
1,conical
1,prince
1,battle
1,plates
1,cheese
1,height
1,tweeds
1,odeaon
1,estate
1,larger
1,facing
1,double
1,croagh
1,felipe
1,velcro
1,cognac
1,analog
1,former
1,deprez
1,halted
1,canada
1,vaclav
1,indoor
1,seguso
1,banana
1,starts
1,shells
1,cliffs
1,daniel
1,basile
1,speech
1,varied
1,makkah
1,revere
1,qatari
1,quotes
1,report
1,turkey
1,caddie
1,vision
1,jewels
1,ulrich
1,coming
1,filled
1,winged
1,series
1,bhavan
1,towels
1,fluted
1,harbor
1,aurora
1,social
1,looped
1,cutout
1,mangos
1,mesmos
1,ghandi
1,tabaco
1,ragusa
1,stands
1,hunter
1,butler
1,cutter
1,bright
1,vessel
1,gulden
1,sacred
1,sancho
1,melara
1,zebras
1,lining
1,member
1,godiva
1,themed
1,bridle
1,farfan
1,kismet
1,branch
1,topper
1,resort
1,marron
1,visual
1,fitted
1,weaves
1,guitar
1,naming
1,number
1,indian
1,script
1,weapon
1,bamboo
1,puffin
1,thomas
1,manger
1,wisdom
1,casing
1,joueur
1,scenic
1,riding
1,tweets
1,parade
1,sphere
1,tobago
1,dragon
1,numero
1,bucket
1,volume
1,gazing
1,ulster
1,kutani
1,angkor
1,upward
1,ziarah
1,mirror
1,masjid
1,tables
1,d'auge
1,veined
1,return
1,powder
1,drouin
1,coated
1,runner
1,cranes
1,dwight
1,shades
1,pearls
1,chairs
1,swords
1,gannet
1,rubies
1,papers
1,maasai
1,tallis
1,famine
1,curved
1,nowruz
1,chains
1,liquor
1,manuel
1,buntal
1,deluxe
1,rostov
1,sayegh
1,winter
1,smalto
1,lanvin
1,turtle
1,banner
1,saving
1,mallet
1,jaguar
1,sothys
1,blouse
1,photos
1,flying
1,sealed
1,pigeon
1,paddle
1,wallet
1,patent
1,gloves
1,seated
1,acorns
1,tezhip
1,system
1,turgot
1,hudson
1,hollow
1,sydney
1,levels
1,earbud
1,ararat
1,brandy
1,hawaii
1,fianit
1,goblet
1,flecks
1,nickel
1,saddle
1,jasper
1,hooves
1,porter
1,league
1,tycoon
1,knives
1,shaker
1,stelle
1,mostly
1,harney
1,medals
1,shadow
1,island
1,coyote
1,warsaw
1,ounces
1,career
1,breath
1,sunset
1,lustre
1,buenos
1,yamoda
1,veneer
1,douzen
1,ieneke
1,favela
1,cities
1,viewer
1,winton
1,sonnet
1,dancer
1,forest
1,wonder
1,stevie
1,ensala
1,galeno
1,quinta
1,moscow
1,fisher
1,agnese
1,akubra
1,chiefs
1,buffet
1,dhenok
1,sebuah
1,kendal
1,darker
1,pesisr
1,stereo
1,polish
1,titles
1,expert
1,garcia
1,ribbon
1,moment
1,bhawan
1,record
1,legacy
1,tennis
1,decals
1,dunlop
1,ashley
1,cherry
1,paris
1,faces
1,times
1,coral
1,bijan
1,susan
1,holes
1,bells
1,alloy
1,tones
1,dylan
1,dream
1,songs
1,latyr
1,peony
1,maple
1,circa
1,named
1,ngone
1,iraqi
1,staff
1,matos
1,korea
1,quart
1,bamar
1,noval
1,opens
1,muniz
1,gourd
1,argon
1,veloz
1,turns
1,flaps
1,plank
1,agora
1,tulip
1,drawn
1,wings
1,solis
1,blown
1,apron
1,bases
1,whole
1,spear
1,fleet
1,harry
1,tiled
1,drive
1,coins
1,tiles
1,rider
1,flies
1,zebra
1,trays
1,crown
1,tales
1,level
1,scale
1,carat
1,rocks
1,socks
1,cedar
1,poles
1,magon
1,comes
1,swirl
1,chair
1,final
1,kriya
1,italy
1,daily
1,ivory
1,pulse
1,rozet
1,assis
1,winch
1,guide
1,rhino
1,ugogo
1,plaid
1,parks
1,bonus
1,early
1,ansel
1,adams
1,toned
1,otero
1,piano
1,negre
1,artes
1,vetri
1,bread
1,discs
1,ortiz
1,josef
1,degas
1,havel
1,footy
1,edgar
1,najib
1,bulls
1,field
1,banca
1,timer
1,santa
1,1000g
1,kahlo
1,frida
1,ligne
1,xikun
1,place
1,tozai
1,matte
1,plush
1,chris
1,chips
1,kutnu
1,deity
1,major
1,tawny
1,poets
1,clasp
1,yates
1,goats
1,union
1,man's
1,bages
1,morne
1,orfeu
1,panza
1,peaks
1,saint
1,betel
1,henry
1,ounce
1,steak
1,demak
1,fried
1,flock
1,texts
1,doves
1,plays
1,bosca
1,leash
1,fifth
1,costa
1,boats
1,heath
1,tread
1,saber
1,eddia
1,museu
1,fifty
1,nacho
1,award
1,elves
1,scott
1,peter
1,story
1,islam
1,blood
1,death
1,match
1,barak
1,sizes
1,samir
1,magic
1,sheer
1,naval
1,dance
1,moser
1,pisco
1,atari
1,cloud
1,jewel
1,clubs
1,james
1,vieux
1,bison
1,vodka
1,hoban
1,sight
1,naoto
1,alves
1,paint
1,mural
1,grass
1,study
1,sound
1,lions
1,nehru
1,cured
1,cepal
1,sevan
1,earth
1,erdos
1,ahmed
1,known
1,lakon
1,hitie
1,enemy
1,ineke
1,atque
1,plain
1,haven
1,libya
1,somma
1,fruit
1,usina
1,folio
1,point
1,camel
1,charm
1,porto
1,noise
1,dutch
1,tower
1,waktu
1,fight
1,manor
1,cross
1,forms
1,henko
1,edges
1,haung
1,aires
1,given
1,bible
1,maori
1,bois
1,atop
1,june
1,time
1,fila
1,arts
1,name
1,faux
1,ship
1,beer
1,10th
1,bali
1,burl
1,11th
1,kudu
1,ueno
1,hoin
1,gram
1,sons
1,alma
1,joao
1,60th
1,jugs
1,home
1,born
1,clip
1,rope
1,luci
1,lane
1,asta
1,sign
1,igor
1,bead
1,path
1,live
1,gena
1,hope
1,bean
1,iraq
1,pais
1,seat
1,ease
1,17th
1,hats
1,años
1,fire
1,cien
1,pins
1,dust
1,make
1,land
1,sack
1,caps
1,tint
1,post
1,bike
1,tail
1,bell
1,coat
1,sent
1,trip
1,skin
1,pays
1,kita
1,minh
1,drum
1,gong
1,anya
1,akan
1,wash
1,nike
1,hour
1,aire
1,eggs
1,flip
1,flop
1,khan
1,john
1,x-fi
1,jack
1,pads
1,dior
1,ipod
1,hero
1,salt
1,diop
1,para
1,work
1,past
1,belt
1,data
1,seas
1,aden
1,plum
1,daum
1,osim
1,jose
1,wish
1,sins
1,last
1,busy
1,wrap
1,doha
1,laos
1,thur
1,yuan
1,rica
1,dice
1,best
1,page
1,cord
1,vaco
1,putt
1,sous
1,west
1,kuna
1,jean
1,hind
1,wild
1,link
1,sits
1,know
1,dots
1,pont
1,deep
1,jars
1,anno
1,anos
1,pope
1,plus
1,poem
1,tile
1,trim
1,soul
1,vine
1,peak
1,fowl
1,graf
1,18th
1,horn
1,mara
1,iris
1,ribs
1,pens
1,grip
1,girl
1,sona
1,po'i
1,mane
1,egan
1,sean
1,osce
1,edge
1,chip
1,sail
1,knit
1,mata
1,kiki
1,bank
1,lima
1,toon
1,slip
1,ijaw
1,cara
1,body
1,rugs
1,kora
1,nba
1,mp3
1,wit
1,9.5
1,wat
1,roy
1,18k
1,leg
1,sun
1,nov
1,hut
1,hms
1,ark
1,dal
1,rod
1,von
1,cut
1,gps
1,max
1,sus
1,vik
1,ban
1,mrs
1,aid
1,aim
1,hps
1,hpt
1,zeh
1,rum
1,now
1,ltd
1,cue
1,hpp
1,sea
1,lat
1,zen
1,cds
1,ham
1,gas
1,2gb
1,per
1,cap
1,chi
1,ash
1,nib
1,gül
1,usa
1,die
1,fey
1,oak
1,por
1,lee
1,air
1,g.g
1,tag
1,fco
1,jun
1,h.d
1,das
1,tim
1,nut
1,nos
1,d.l
1,kim
1,pad
1,fan
1,fur
1,ram
1,lao
1,paz
1,kan
1,w&j
1,una
